chrom	start	end	ibd_status
1	0	20933067	ibd1
1	20933067	22294209	ibd0
1	22294209	76111797	ibd1
1	76111797	76111798	ibd0
1	76111798	78626683	ibd2
1	78626683	78626684	ibd0
1	78626684	119568323	ibd1
1	119568323	121435395	ibd0
1	121435395	121482947	ibd1
1	121482947	121482948	ibd0
1	121482948	142539935	ibd2
1	142539935	142539936	ibd0
1	142539936	147539997	ibd1
1	147539997	160358461	ibd1
1	160358461	167538633	ibd1
1	167538633	186992878	ibd0
1	186992878	210746108	ibd1
1	210746108	210746109	ibd0
1	210746109	213039378	ibd2
1	213039378	213039379	ibd0
1	213039379	213039392	ibd1
1	213039392	213039393	ibd0
1	213039393	216660222	ibd2
1	216660222	216660223	ibd0
1	216660223	216970868	ibd1
1	216970868	216970869	ibd0
1	216970869	220015209	ibd2
1	220015209	224201454	ibd2
1	224201454	228762421	ibd2
1	228762421	228762422	ibd0
1	228762422	229814220	ibd1
1	229814220	229818426	ibd0
1	229818426	240308200	ibd1
1	240308200	249250621	ibd0
10	0	10001855	ibd1
10	10001855	18085101	ibd1
10	18085101	18156314	ibd0
10	18156314	30935690	ibd1
10	30935690	39125135	ibd1
10	39125135	39125136	ibd0
10	39125136	42355820	ibd2
10	42355820	42355821	ibd0
10	42355821	43367785	ibd1
10	43367785	48975527	ibd1
10	48975527	81608368	ibd0
10	81608368	102695192	ibd1
10	102695192	102695193	ibd0
10	102695193	109658209	ibd2
10	109658209	109658210	ibd0
10	109658210	110072500	ibd1
10	110072500	110072501	ibd0
10	110072501	114220720	ibd2
10	114220720	114220721	ibd0
10	114220721	135520002	ibd1
10	135520002	135534747	ibd0
11	0	6095099	ibd1
11	6095099	6095100	ibd0
11	6095100	17057016	ibd2
11	17057016	23282670	ibd2
11	23282670	33222489	ibd2
11	33222489	33222490	ibd0
11	33222490	37456219	ibd1
11	37456219	37456226	ibd0
11	37456226	51361195	ibd1
11	51361195	51592273	ibd0
11	51592273	54723645	ibd2
11	54723645	55415618	ibd0
11	55415618	71498591	ibd1
11	71498591	76827992	ibd1
11	76827992	117646824	ibd0
11	117646824	134946396	ibd1
11	134946396	135006516	ibd0
12	0	146357	ibd1
12	146357	146358	ibd0
12	146358	2681651	ibd2
12	2681651	2681652	ibd0
12	2681652	2877627	ibd1
12	2877627	2877628	ibd0
12	2877628	6414649	ibd2
12	6414649	6414650	ibd0
12	6414650	7189783	ibd1
12	7189783	7189784	ibd0
12	7189784	9562106	ibd2
12	9562106	9562107	ibd0
12	9562107	11226420	ibd1
12	11226420	11226421	ibd0
12	11226421	15165075	ibd2
12	15165075	19626322	ibd2
12	19626322	21703945	ibd2
12	21703945	21703946	ibd0
12	21703946	21815471	ibd1
12	21815471	21815472	ibd0
12	21815472	25546716	ibd2
12	25546716	25546717	ibd0
12	25546717	34312044	ibd1
12	34312044	34312045	ibd0
12	34312045	39281226	ibd2
12	39281226	39281227	ibd0
12	39281227	64080144	ibd1
12	64080144	94902837	ibd1
12	94902837	94902838	ibd0
12	94902838	100147879	ibd2
12	100147879	103227959	ibd2
12	103227959	103227960	ibd0
12	103227960	103229445	ibd1
12	103229445	103229446	ibd0
12	103229446	106170333	ibd2
12	106170333	106170334	ibd0
12	106170334	117005845	ibd1
12	117005845	117007684	ibd0
12	117007684	130911216	ibd1
12	130911216	133851895	ibd0
13	0	19025269	ibd2
13	19025269	19025270	ibd0
13	19025270	29922495	ibd1
13	29922495	29922526	ibd0
13	29922526	53337951	ibd1
13	53337951	53337952	ibd0
13	53337952	59438272	ibd2
13	59438272	61869421	ibd2
13	61869421	78509130	ibd2
13	78509130	78509131	ibd0
13	78509131	85301594	ibd1
13	85301594	91674153	ibd1
13	91674153	95037269	ibd0
13	95037269	114493173	ibd1
13	114493173	115169878	ibd0
14	0	19071955	ibd2
14	19071955	19071956	ibd0
14	19071956	19961744	ibd1
14	19961744	20324336	ibd1
14	20324336	20324337	ibd0
14	20324337	24229799	ibd2
14	24229799	27518256	ibd2
14	27518256	32851114	ibd2
14	32851114	32851115	ibd0
14	32851115	34857370	ibd1
14	34857370	49133581	ibd0
14	49133581	75703256	ibd1
14	75703256	88826682	ibd0
14	88826682	96037547	ibd1
14	96037547	107349540	ibd0
15	0	20001861	ibd2
15	20001861	20001862	ibd0
15	20001862	21139039	ibd1
15	21139039	22915574	ibd1
15	22915574	22915575	ibd0
15	22915575	26211762	ibd2
15	26211762	26211763	ibd0
15	26211763	29114725	ibd1
15	29114725	31123941	ibd0
15	31123941	34273307	ibd1
15	34273307	34273308	ibd0
15	34273308	44198949	ibd2
15	44198949	44198950	ibd0
15	44198950	44198964	ibd1
15	44198964	44198965	ibd0
15	44198965	54514229	ibd2
15	54514229	54514230	ibd0
15	54514230	65057795	ibd1
15	65057795	76896057	ibd1
15	76896057	83271322	ibd0
15	83271322	92423636	ibd1
15	92423636	92423637	ibd0
15	92423637	95630637	ibd2
15	95630637	100626930	ibd2
15	100626930	100626931	ibd0
15	100626931	102516258	ibd1
15	102516258	102531392	ibd0
16	0	1751935	ibd0
16	1751935	13264348	ibd1
16	13264348	13264349	ibd0
16	13264349	16539102	ibd2
16	16539102	16539103	ibd0
16	16539103	16573494	ibd1
16	16573494	16798397	ibd1
16	16798397	16798398	ibd0
16	16798398	20591420	ibd2
16	20591420	23887102	ibd2
16	23887102	23887103	ibd0
16	23887103	24770517	ibd1
16	24770517	24770518	ibd0
16	24770518	27219080	ibd2
16	27219080	27219081	ibd0
16	27219081	28379443	ibd1
16	28379443	29283751	ibd0
16	29283751	33975655	ibd1
16	33975655	33975656	ibd0
16	33975656	46397051	ibd2
16	46397051	46397052	ibd0
16	46397052	46426712	ibd1
16	46426712	46426713	ibd0
16	46426713	48464526	ibd2
16	48464526	48464527	ibd0
16	48464527	53875675	ibd1
16	53875675	67037054	ibd0
16	67037054	69046180	ibd2
16	69046180	90354753	ibd0
17	0	19674057	ibd0
17	19674057	22262729	ibd1
17	22262729	22262730	ibd0
17	22262730	25303565	ibd2
17	25303565	25303566	ibd0
17	25303566	26216356	ibd1
17	26216356	41695263	ibd0
17	41695263	59744615	ibd1
17	59744615	59744621	ibd0
17	59744621	72048166	ibd1
17	72048166	81195210	ibd0
18	0	4087331	ibd0
18	4087331	4376021	ibd1
18	4376021	4376022	ibd0
18	4376022	7134359	ibd2
18	7134359	7134360	ibd0
18	7134360	10340702	ibd1
18	10340702	10340703	ibd0
18	10340703	14223390	ibd2
18	14223390	14223391	ibd0
18	14223391	14666369	ibd1
18	14666369	14666370	ibd0
18	14666370	43750934	ibd2
18	43750934	48329739	ibd2
18	48329739	48329740	ibd0
18	48329740	78017073	ibd1
18	78017073	78077248	ibd0
19	0	8361870	ibd0
19	8361870	24616099	ibd1
19	24616099	24616100	ibd0
19	24616100	27767857	ibd2
19	27767857	27767858	ibd0
19	27767858	29843218	ibd1
19	29843218	49072936	ibd1
19	49072936	49072937	ibd0
19	49072937	51254187	ibd2
19	51254187	53632012	ibd2
19	53632012	53632013	ibd0
19	53632013	55230559	ibd1
19	55230559	59128983	ibd0
2	0	3184441	ibd1
2	3184441	3184442	ibd0
2	3184442	7106213	ibd2
2	7106213	7106214	ibd0
2	7106214	8184749	ibd1
2	8184749	28859281	ibd0
2	28859281	41239457	ibd1
2	41239457	41239800	ibd0
2	41239800	52750137	ibd1
2	52750137	52784952	ibd0
2	52784952	59790352	ibd1
2	59790352	87831141	ibd0
2	87831141	92320341	ibd1
2	92320341	92320342	ibd0
2	92320342	95521095	ibd2
2	95521095	95521096	ibd0
2	95521096	97814956	ibd1
2	97814956	101515741	ibd0
2	101515741	109031731	ibd1
2	109031731	153713053	ibd0
2	153713053	172907494	ibd1
2	172907494	173056580	ibd0
2	173056580	186880718	ibd1
2	186880718	186880719	ibd0
2	186880719	189119658	ibd2
2	189119658	193701766	ibd2
2	193701766	196449909	ibd2
2	196449909	196449910	ibd0
2	196449910	198232639	ibd1
2	198232639	201513698	ibd0
2	201513698	212031854	ibd1
2	212031854	225786044	ibd1
2	225786044	230220171	ibd0
2	230220171	232503539	ibd1
2	232503539	232503540	ibd0
2	232503540	234633951	ibd2
2	234633951	240456341	ibd2
2	240456341	240456342	ibd0
2	240456342	241628872	ibd1
2	241628872	243199373	ibd0
20	0	4985373	ibd0
20	4985373	11239035	ibd1
20	11239035	11239036	ibd0
20	11239036	15895589	ibd2
20	15895589	26204896	ibd2
20	26204896	29629193	ibd2
20	29629193	39088536	ibd2
20	39088536	39088537	ibd0
20	39088537	42622958	ibd1
20	42622958	62957957	ibd1
20	62957957	63025520	ibd0
21	0	9418383	ibd2
21	9418383	9418384	ibd0
21	9418384	9947580	ibd1
21	9947580	11146395	ibd1
21	11146395	11146396	ibd0
21	11146396	14371690	ibd2
21	14371690	14371691	ibd0
21	14371691	15165175	ibd1
21	15165175	48129895	ibd0
22	0	16320344	ibd2
22	16320344	16320345	ibd0
22	16320345	18852436	ibd1
22	18852436	24394163	ibd0
22	24394163	44317415	ibd1
22	44317415	44317416	ibd0
22	44317416	46962767	ibd2
22	46962767	46962768	ibd0
22	46962768	51240820	ibd1
22	51240820	51304566	ibd0
3	0	7592264	ibd1
3	7592264	32652647	ibd1
3	32652647	42267840	ibd0
3	42267840	68336118	ibd1
3	68336118	68336119	ibd0
3	68336119	71722183	ibd2
3	71722183	71722184	ibd0
3	71722184	72303992	ibd1
3	72303992	72303993	ibd0
3	72303993	75171594	ibd2
3	75171594	75171595	ibd0
3	75171595	75609133	ibd1
3	75609133	75609134	ibd0
3	75609134	79120890	ibd2
3	79120890	79120891	ibd0
3	79120891	79893258	ibd1
3	79893258	79893259	ibd0
3	79893259	84050481	ibd2
3	84050481	99171248	ibd2
3	99171248	101482751	ibd2
3	101482751	101482752	ibd0
3	101482752	103422358	ibd1
3	103422358	103422359	ibd0
3	103422359	106383791	ibd2
3	106383791	112086384	ibd2
3	112086384	120296820	ibd2
3	120296820	122775062	ibd2
3	122775062	122775063	ibd0
3	122775063	128164525	ibd1
3	128164525	135046768	ibd1
3	135046768	143534426	ibd0
3	143534426	149911847	ibd1
3	149911847	165860430	ibd1
3	165860430	165860676	ibd0
3	165860676	171299564	ibd1
3	171299564	171299841	ibd0
3	171299841	186718076	ibd1
3	186718076	198022430	ibd0
4	0	22240473	ibd0
4	22240473	25864005	ibd1
4	25864005	25864006	ibd0
4	25864006	28245511	ibd2
4	28245511	31401066	ibd2
4	31401066	31401067	ibd0
4	31401067	49658033	ibd1
4	49658033	49658034	ibd0
4	49658034	52662040	ibd2
4	52662040	52662041	ibd0
4	52662041	60058602	ibd1
4	60058602	68186544	ibd1
4	68186544	84789602	ibd0
4	84789602	95008296	ibd1
4	95008296	95009660	ibd0
4	95009660	108602834	ibd1
4	108602834	108602835	ibd0
4	108602835	115442384	ibd2
4	115442384	118590741	ibd2
4	118590741	118590742	ibd0
4	118590742	118602959	ibd1
4	118602959	118602960	ibd0
4	118602960	123637824	ibd2
4	123637824	127477827	ibd2
4	127477827	129682659	ibd2
4	129682659	132672144	ibd2
4	132672144	135434133	ibd2
4	135434133	139805889	ibd2
4	139805889	142128063	ibd2
4	142128063	142128064	ibd0
4	142128064	142983043	ibd1
4	142983043	142983044	ibd0
4	142983044	153648042	ibd2
4	153648042	159905954	ibd2
4	159905954	164749206	ibd2
4	164749206	166987141	ibd2
4	166987141	174509598	ibd2
4	174509598	174509599	ibd0
4	174509599	175625797	ibd1
4	175625797	175626441	ibd0
4	175626441	181476227	ibd1
4	181476227	184256979	ibd0
4	184256979	190577469	ibd1
4	190577469	191154276	ibd0
5	0	752994	ibd0
5	752994	7918255	ibd1
5	7918255	9718284	ibd0
5	9718284	24275678	ibd1
5	24275678	44339984	ibd0
5	44339984	46311175	ibd1
5	46311175	46311176	ibd0
5	46311176	49414587	ibd2
5	49414587	49414588	ibd0
5	49414588	50762843	ibd1
5	50762843	111964354	ibd0
5	111964354	128504688	ibd1
5	128504688	128504689	ibd0
5	128504689	135114485	ibd2
5	135114485	140563763	ibd2
5	140563763	143524766	ibd2
5	143524766	143524767	ibd0
5	143524767	164964801	ibd1
5	164964801	180915260	ibd0
6	0	11034687	ibd0
6	11034687	19836014	ibd1
6	19836014	19836015	ibd0
6	19836015	26883366	ibd2
6	26883366	26883367	ibd0
6	26883367	26997126	ibd1
6	26997126	26997127	ibd0
6	26997127	29802233	ibd2
6	29802233	29802234	ibd0
6	29802234	33036002	ibd1
6	33036002	33036003	ibd0
6	33036003	36908975	ibd2
6	36908975	40177440	ibd2
6	40177440	40177441	ibd0
6	40177441	57375921	ibd1
6	57375921	58775997	ibd1
6	58775997	58775998	ibd0
6	58775998	61882549	ibd2
6	61882549	61882550	ibd0
6	61882550	65099905	ibd1
6	65099905	86568440	ibd1
6	86568440	86571151	ibd0
6	86571151	103738898	ibd1
6	103738898	103756262	ibd0
6	103756262	111967278	ibd1
6	111967278	136906643	ibd1
6	136906643	140161891	ibd0
6	140161891	153245125	ibd1
6	153245125	171115067	ibd0
7	0	78829	ibd0
7	78829	7062340	ibd1
7	7062340	13310460	ibd0
7	13310460	21769335	ibd1
7	21769335	30540399	ibd1
7	30540399	36252293	ibd0
7	36252293	58041217	ibd1
7	58041217	58041218	ibd0
7	58041218	61530209	ibd2
7	61530209	61530210	ibd0
7	61530210	65590921	ibd1
7	65590921	76117470	ibd1
7	76117470	76168897	ibd0
7	76168897	86734681	ibd1
7	86734681	122209622	ibd1
7	122209622	126049871	ibd0
7	126049871	133581646	ibd1
7	133581646	141532187	ibd1
7	141532187	159138663	ibd0
8	0	28618898	ibd0
8	28618898	43837874	ibd1
8	43837874	43837875	ibd0
8	43837875	46844004	ibd2
8	46844004	46844005	ibd0
8	46844005	72591559	ibd1
8	72591559	73832706	ibd0
8	73832706	99754795	ibd1
8	99754795	129153232	ibd1
8	129153232	146364022	ibd0
9	0	181670	ibd0
9	181670	14292879	ibd1
9	14292879	14292880	ibd0
9	14292880	19044537	ibd2
9	19044537	26754051	ibd2
9	26754051	29095016	ibd2
9	29095016	36362906	ibd2
9	36362906	39569372	ibd2
9	39569372	39569373	ibd0
9	39569373	42272441	ibd1
9	42272441	45053055	ibd1
9	45053055	45053056	ibd0
9	45053056	47171405	ibd2
9	47171405	66458329	ibd2
9	66458329	66458330	ibd0
9	66458330	70943505	ibd1
9	70943505	70943506	ibd0
9	70943506	77819404	ibd2
9	77819404	81491654	ibd2
9	81491654	89254519	ibd2
9	89254519	89254520	ibd0
9	89254520	94164909	ibd1
9	94164909	94164910	ibd0
9	94164910	97065301	ibd2
9	97065301	97065302	ibd0
9	97065302	97077154	ibd1
9	97077154	97077155	ibd0
9	97077155	103142493	ibd2
9	103142493	105554097	ibd2
9	105554097	107722824	ibd2
9	107722824	107722825	ibd0
9	107722825	108430510	ibd1
9	108430510	108430511	ibd0
9	108430511	116459758	ibd2
9	116459758	116459759	ibd0
9	116459759	121145425	ibd1
9	121145425	130183114	ibd1
9	130183114	130185385	ibd0
9	130185385	135192154	ibd1
9	135192154	141213431	ibd0
